train_accuracy,val_accuracy,test_accuracy,train_loss,val_loss,test_loss
0.6504702194357367,0.4528301886792453,0.5125,0.9202828876966855,1.4063645201014376,1.158928790500795
0.8855799373040752,0.44025157232704404,0.4375,0.3578265710284227,1.5265300142170228,1.4301543187648804
