train_accuracy,val_accuracy,test_accuracy,train_loss,val_loss,test_loss
0.4952978056426332,0.7169811320754716,0.6625,1.1980356204135163,0.9662894825890379,1.0462032394483685
0.8973354231974922,0.5723270440251572,0.48125,0.2953674131552769,1.0585771098076922,1.2361755667254328
