train_accuracy,val_accuracy,test_accuracy,train_loss,val_loss,test_loss
0.7515673981191222,0.6729559748427673,0.5875,0.6953124952032508,0.8168712156805006,1.0139642467135732
