train_accuracy,val_accuracy,test_accuracy,train_loss,val_loss,test_loss
0.6684563758389261,0.43010752688172044,0.3829787234042553,1.0635694821558943,1.6200173545268275,1.6692028984110405
