train_accuracy,val_accuracy,test_accuracy,train_loss,val_loss,test_loss
0.2993288590604027,0.2903225806451613,0.2872340425531915,1.7496647323537993,1.7375422837913677,1.589061012927522
