train_accuracy,val_accuracy,test_accuracy,train_loss,val_loss,test_loss
0.2979865771812081,0.40860215053763443,0.4148936170212766,1.7983861202961646,1.6364797664585935,1.5389529238355921
