train_accuracy,val_accuracy,train_loss,val_loss
0.2859060402684564,0.2127659574468085,1.7638506091881119,7.754309670172896
