train_accuracy,val_accuracy,train_loss,val_loss
0.31409395973154364,0.23404255319148937,1.7370906965244537,6.550648218516258
